Speed_of_Vehicle,Speed_of_Oncoming_Vehicle,Distance_to_Oncoming_Vehicle,Outcome,Car_Make,Weather_Conditions,Road_Conditions,Visibility,Traffic_Density
180.4624153,91.11925359,430.4849404,Success,Honda,Snow,Icy,Day,Low
154.9408682,97.84947775,440.3699476,Failure,BMW,Fog,Dry,Day,High
51.19648649,71.55370352,148.0905596,Failure,Nissan,Rain,Icy,Day,Medium
150.1031133,82.09428059,543.1439924,Success,Renault,Clear,Wet,Night,Medium
145.5952892,84.5610665,141.9630583,Failure,Volkswagen,Clear,Wet,Day,Medium
51.89089172,84.02959893,895.274029,Failure,Ford,Clear,Icy,Night,Low
174.7180172,90.81547171,108.7525441,Close Call,Renault,Clear,Wet,Night,Low
110.3854409,43.63844739,477.2097088,Success,Honda,Rain,Dry,Day,Medium
78.47784971,79.0135186,320.4593631,Failure,Nissan,Clear,Dry,Night,Medium
107.7516107,84.78067202,197.1259449,Close Call,Mercedes,Fog,Wet,Day,Low
161.7292654,59.99339302,794.6448563,Success,Mercedes,Clear,Wet,Night,Medium
80.07081474,113.4797141,729.185779,Failure,Honda,Clear,Wet,Night,Medium
172.972991,83.23118534,188.6504957,Risk,BMW,Snow,Dry,Day,High
54.06357322,111.2680949,651.1273591,Failure,BMW,Fog,Icy,Day,Low
57.50999179,64.18953956,802.927409,Success,Toyota,Clear,Wet,Day,Low
128.9053682,61.85399757,784.6656094,Success,BMW,Clear,Wet,Day,Medium
116.3715737,84.48504442,137.6656178,Failure,BMW,Fog,Dry,Night,High
139.0107111,46.42623274,701.2370831,Success,Mercedes,Clear,Icy,Day,Low
51.08242997,84.29931181,730.2227248,Success,Honda,Rain,Dry,Night,Low
81.43393165,81.94438464,869.0579537,Failure,Toyota,Rain,Wet,Day,Low
143.4402554,100.3133056,532.6421219,Failure,Volkswagen,Clear,Dry,Day,High
93.21621957,94.02082682,488.0393003,Failure,BMW,Rain,Icy,Day,High
87.65165422,71.650453,966.8605087,Success,Mercedes,Fog,Dry,Day,High
159.7687748,58.0500669,806.686643,Success,Volkswagen,Rain,Dry,Night,Low
156.4488287,114.2461044,580.7944413,Success,BMW,Clear,Icy,Day,Low
149.2987314,64.15769959,364.0862177,Failure,Renault,Clear,Wet,Night,High
132.8675582,59.08950886,852.9760962,Success,Renault,Clear,Dry,Night,High
178.6167201,58.30287881,482.66457,Success,Renault,Clear,Dry,Night,High
47.94797941,102.3461063,138.0509326,Close Call,Ford,Fog,Icy,Day,Medium
66.37003395,69.62199591,482.1590591,Success,Renault,Clear,Wet,Night,High
109.384359,64.92591068,878.3699763,Success,Renault,Fog,Icy,Night,Low
84.29657808,82.75379652,475.8680395,Success,Ford,Fog,Wet,Night,High
86.07030808,75.86110579,63.63169035,Risk,Toyota,Clear,Wet,Day,High
182.2414772,66.43809078,630.9110577,Failure,Audi,Rain,Dry,Day,Medium
51.19086788,95.07982934,996.0385032,Failure,Mercedes,Snow,Wet,Day,Low
48.62570216,101.3063098,826.3861548,Failure,Peugeot,Rain,Wet,Day,High
175.9202798,99.70635018,636.3760493,Success,Renault,Rain,Dry,Night,Medium
67.41260574,95.33839339,918.6789425,Success,Volkswagen,Clear,Dry,Night,High
51.01681952,88.05251062,822.9025976,Failure,Ford,Rain,Wet,Night,Medium
109.1963391,44.48224,523.7073851,Success,Audi,Fog,Wet,Day,Medium
168.4646798,113.3850161,611.6592711,Failure,Peugeot,Rain,Wet,Day,Medium
87.84906325,86.03978421,744.7281687,Failure,Mercedes,Snow,Icy,Day,Medium
175.5152031,92.16312855,854.1048558,Failure,Renault,Fog,Dry,Day,Low
166.1386615,102.2992465,105.2675823,Risk,Nissan,Rain,Wet,Day,Medium
84.25850359,108.6670501,786.0636643,Failure,Toyota,Snow,Wet,Night,Low
105.9614869,88.36796023,475.128268,Failure,BMW,Fog,Dry,Day,Low
174.3233294,88.71092319,677.7586323,Failure,Mercedes,Rain,Wet,Day,High
62.26014905,68.01551445,776.4013604,Success,Ford,Rain,Wet,Night,Low
53.66506711,80.66179502,562.5268288,Failure,Audi,Snow,Wet,Night,High
71.42074422,62.91677478,200.5891081,Risk,BMW,Snow,Wet,Day,Low
76.58697827,65.60118936,439.0504899,Failure,Mercedes,Fog,Icy,Day,Low
70.11446183,62.12851195,123.0293441,Failure,Audi,Snow,Wet,Night,Low
49.43968938,76.87952218,704.8356566,Failure,Peugeot,Rain,Wet,Day,Low
145.4722497,100.9818638,956.0208729,Failure,Peugeot,Rain,Dry,Day,High
67.67327248,143.4194955,805.4901716,Failure,Renault,Snow,Icy,Night,Low
108.7544543,83.78999275,420.2971016,Success,Renault,Snow,Dry,Night,High
61.85437017,53.03173824,605.0769212,Success,Toyota,Snow,Wet,Night,Low
96.17253552,105.2996666,338.9906421,Failure,Ford,Rain,Dry,Night,Medium
100.6454675,73.98432247,563.9933196,Failure,Mercedes,Snow,Icy,Night,High
172.8180366,66.78782812,335.6905605,Success,Toyota,Snow,Wet,Night,Medium
143.7443458,84.19698956,751.408519,Failure,Peugeot,Clear,Wet,Day,High
171.8599043,55.18750801,296.3744326,Risk,Ford,Clear,Wet,Day,Low
113.4734864,84.44926328,965.8193709,Failure,Toyota,Rain,Wet,Night,High
68.70783092,78.23248954,678.8512956,Failure,Toyota,Snow,Icy,Night,Low
102.3486541,81.96755814,115.3389553,Close Call,Peugeot,Rain,Wet,Day,High
128.1149883,87.62832508,60.23887533,Risk,Volkswagen,Clear,Dry,Night,Low
120.7743231,81.34984514,997.194027,Failure,Ford,Snow,Wet,Day,High
170.4827689,80.32676168,259.4802993,Risk,Nissan,Fog,Dry,Night,Medium
127.9328915,85.68629038,346.934611,Failure,Renault,Rain,Wet,Night,High
80.92831498,88.30801252,247.9933135,Close Call,Nissan,Rain,Wet,Night,High
178.3620861,59.37035079,931.6966838,Success,Ford,Snow,Icy,Day,High
69.34966355,51.40017483,669.4122167,Success,Mercedes,Fog,Icy,Night,Low
111.701357,78.76723896,529.1670074,Success,BMW,Fog,Icy,Day,Medium
169.2710717,51.3452902,579.7682738,Success,Ford,Fog,Dry,Day,Low
144.3890577,81.75062942,351.9792049,Success,Peugeot,Snow,Dry,Night,Medium
119.9535398,98.77493751,633.4662522,Failure,Ford,Snow,Dry,Day,High
141.2959274,92.14223344,448.6203453,Failure,Honda,Snow,Wet,Night,Low
106.29109,59.03659186,239.2667391,Close Call,Volkswagen,Snow,Wet,Night,Low
100.5528235,62.79475096,673.7748447,Success,BMW,Rain,Wet,Day,High
132.8973257,86.5660259,405.1485408,Failure,Mercedes,Fog,Wet,Night,Low
148.1811525,71.9740439,795.8130602,Failure,Audi,Fog,Icy,Night,Medium
176.2444316,73.6668941,444.6252096,Success,Toyota,Clear,Wet,Day,Low
162.1163766,91.93812962,532.8578063,Failure,BMW,Fog,Dry,Day,High
179.4969509,60.25426613,798.0931552,Failure,Honda,Rain,Dry,Day,High
61.22405727,71.9753058,475.4841883,Success,Renault,Rain,Wet,Day,Low
183.5262852,63.99835048,967.9100784,Success,BMW,Clear,Icy,Night,Medium
73.04225013,59.13741004,803.3772338,Success,Mercedes,Snow,Icy,Night,High
56.32654924,62.85843623,835.108885,Success,Peugeot,Rain,Icy,Day,Medium
136.9534704,93.54924339,956.2244434,Failure,Volkswagen,Rain,Icy,Day,Low
139.2882203,81.03640779,419.4080974,Success,Honda,Clear,Wet,Day,High
181.3351162,62.41678742,601.076251,Success,Ford,Fog,Icy,Night,Low
152.943316,75.37796785,708.9121538,Success,Audi,Fog,Icy,Day,Medium
99.97216639,47.22385386,689.7855594,Success,Audi,Rain,Wet,Day,Medium
129.0147579,65.33374385,955.2899548,Success,Ford,Snow,Dry,Night,Medium
130.3236086,122.9914907,323.9312022,Failure,Mercedes,Clear,Wet,Night,High
152.158623,78.19512301,326.7934522,Success,Mercedes,Fog,Dry,Night,High
126.3537253,94.63317854,922.1041819,Failure,Honda,Rain,Wet,Night,High
99.10169518,78.6902325,809.3403596,Success,Nissan,Fog,Icy,Day,Medium
140.4041342,86.9633847,243.1887929,Close Call,Honda,Rain,Icy,Night,High
78.61421079,93.26516179,591.5445342,Failure,Nissan,Fog,Icy,Day,Medium
93.93717393,57.90766805,758.4755474,Success,BMW,Fog,Dry,Day,High
55.02835719,79.38127485,385.3845709,Failure,Honda,Rain,Dry,Day,Low
159.2722235,111.5773039,462.6631387,Failure,Peugeot,Fog,Wet,Day,Low
54.93987292,64.089989,596.6267811,Success,Volkswagen,Rain,Dry,Day,Medium
86.83155399,68.67120293,493.7531297,Failure,Toyota,Clear,Wet,Day,Medium
174.5886077,73.84617445,765.3902706,Success,Ford,Fog,Wet,Day,Low
123.3173558,85.38048146,55.641816,Risk,Volkswagen,Snow,Dry,Day,Medium
75.50318875,90.49835727,462.9008982,Failure,Toyota,Clear,Wet,Night,Medium
184.0042032,105.3482331,370.7023066,Success,Renault,Snow,Icy,Night,High
168.3021275,89.98996467,628.7058502,Success,Renault,Rain,Dry,Day,High
54.54523817,78.75893748,787.1605198,Success,Renault,Snow,Icy,Day,High
77.23990873,105.1833426,122.3379041,Close Call,Mercedes,Fog,Wet,Day,Medium
134.9164831,94.08222044,200.1567469,Failure,Ford,Snow,Dry,Day,High
72.83244198,50.08640967,681.8275429,Success,Toyota,Snow,Icy,Day,High
120.2049107,130.5273648,751.482319,Failure,Volkswagen,Fog,Wet,Night,High
68.2205065,115.3984278,608.7916882,Failure,Mercedes,Fog,Dry,Day,Medium
139.1787712,76.63571554,983.6631815,Success,Mercedes,Clear,Dry,Night,High
119.3730564,87.55820203,524.4884147,Failure,Renault,Fog,Icy,Night,High
180.7205141,106.487175,179.4777183,Risk,Ford,Fog,Icy,Night,Medium
63.73385886,76.55598415,701.9765074,Success,Honda,Rain,Wet,Day,Medium
119.3009749,94.60703581,621.9717461,Failure,Honda,Fog,Wet,Day,High
88.64134455,102.0915695,610.9004013,Failure,BMW,Fog,Dry,Day,Medium
130.7764268,59.70348185,568.5609535,Success,Honda,Clear,Dry,Night,High
73.45577567,67.95336293,942.1409241,Success,Toyota,Snow,Wet,Night,Low
174.5549444,98.42816796,172.698577,Failure,Honda,Snow,Icy,Night,Low
106.3090544,89.21628954,119.5374336,Risk,Volkswagen,Clear,Icy,Day,Medium
105.4479933,98.47593121,196.4113109,Failure,Ford,Snow,Dry,Night,Low
155.085506,77.34863971,282.7406994,Failure,BMW,Fog,Dry,Day,High
172.0525578,74.21989578,613.2990035,Success,Peugeot,Snow,Icy,Day,Medium
114.1563267,40.02721049,631.8039866,Success,Ford,Snow,Wet,Night,Medium
152.980492,57.07999147,270.9717836,Risk,Audi,Clear,Dry,Night,Medium
65.15173489,80.94132189,514.7642243,Success,Peugeot,Snow,Dry,Day,High
80.33727558,96.49114439,507.9587601,Failure,Volkswagen,Snow,Dry,Day,Medium
142.0186439,90.62356733,480.455228,Failure,Nissan,Snow,Dry,Night,High
174.7445952,77.43516052,813.3680302,Failure,Peugeot,Fog,Dry,Night,Low
61.40922421,74.56456867,498.1084164,Success,Ford,Fog,Dry,Night,Medium
63.81420712,84.34359265,770.4472212,Success,Honda,Fog,Icy,Day,Low
181.5318132,81.56422362,208.1570752,Close Call,Audi,Snow,Icy,Day,High
57.77309029,108.0909103,555.3689769,Failure,Ford,Snow,Wet,Night,Low
51.00542562,82.92881541,832.8995373,Failure,Toyota,Snow,Icy,Day,Medium
119.445607,50.37508076,218.8307547,Close Call,Nissan,Snow,Icy,Night,Low
76.41758493,54.5488373,491.6760603,Success,BMW,Fog,Wet,Day,Medium
86.66771948,110.3751867,628.6253502,Failure,Volkswagen,Fog,Dry,Night,Low
131.5051171,56.57679077,225.5358461,Failure,Ford,Snow,Icy,Night,Low
94.17450113,95.28994906,768.9273256,Success,Peugeot,Clear,Icy,Night,Low
184.3915901,74.6325453,125.0464354,Failure,Renault,Rain,Wet,Night,Low
76.95094441,76.60483412,949.0947335,Failure,Toyota,Fog,Wet,Day,Medium
166.1385567,77.31734434,494.8104195,Success,Honda,Fog,Icy,Night,Low
167.5311877,104.4276992,369.316932,Failure,Honda,Fog,Dry,Day,Low
106.2620959,76.14316343,160.9666568,Close Call,Mercedes,Fog,Dry,Day,Low
184.6270835,79.33361434,460.9668109,Failure,Volkswagen,Snow,Wet,Day,Medium
84.59204199,49.38393005,676.8138279,Success,Audi,Clear,Wet,Night,Low
57.74892321,84.13381023,139.7629152,Risk,BMW,Fog,Dry,Day,Low
124.4072964,90.62085014,340.9556404,Failure,Peugeot,Rain,Icy,Night,Medium
46.04604845,84.78291161,844.2167036,Failure,Honda,Snow,Icy,Night,Low
111.3829257,107.9579252,663.8719743,Failure,Volkswagen,Snow,Wet,Day,High
162.1525308,81.1034271,246.0543613,Failure,Renault,Rain,Icy,Day,Low
103.7589906,85.97954912,202.864306,Failure,Toyota,Fog,Dry,Night,High
73.55893166,112.9700802,909.2607749,Failure,BMW,Fog,Icy,Day,Low
80.79177708,48.99971621,322.6692103,Success,Honda,Fog,Wet,Day,Low
172.9331518,70.88349304,220.5251605,Close Call,Renault,Rain,Wet,Day,Medium
137.7097786,108.523175,999.9658176,Success,Honda,Clear,Wet,Day,High
67.58366128,98.72258297,343.7322364,Success,Ford,Clear,Icy,Night,Low
109.8470845,93.56760198,168.5031784,Risk,Mercedes,Clear,Dry,Day,Low
131.0431311,96.65301479,488.6697483,Failure,Renault,Rain,Icy,Day,Low
115.7196575,86.54132418,462.6278547,Success,Nissan,Rain,Icy,Day,Low
154.912442,112.6319486,930.462352,Failure,Renault,Clear,Wet,Night,Low
45.88094338,87.55518339,177.4947001,Failure,Ford,Fog,Icy,Day,High
84.34900899,84.79734212,136.5795858,Risk,Honda,Fog,Icy,Night,Medium
125.4426997,83.17917348,138.3297374,Close Call,Peugeot,Clear,Wet,Night,Medium
120.4459655,83.85727911,909.0730925,Success,Volkswagen,Clear,Wet,Night,High
59.57122757,56.85965438,476.9007191,Success,Renault,Rain,Dry,Day,Medium
69.53025542,95.41346109,193.0762017,Close Call,Peugeot,Rain,Icy,Night,Medium
150.4142212,77.39120532,614.1385935,Failure,BMW,Snow,Dry,Night,High
119.8699679,116.438302,560.7421879,Failure,Mercedes,Rain,Wet,Night,Medium
134.5954319,78.48699059,238.4864104,Risk,Audi,Snow,Icy,Day,Low
159.3453109,88.41836568,622.8862325,Failure,Audi,Clear,Dry,Day,Medium
126.7357355,84.93204373,373.2196726,Failure,BMW,Clear,Icy,Night,Medium
88.95291832,67.4888593,276.4522293,Risk,BMW,Fog,Icy,Day,Low
118.2550411,99.84273657,534.8805804,Failure,Toyota,Snow,Wet,Day,High
63.25483736,118.1012728,327.0667984,Failure,Renault,Rain,Icy,Day,Low
83.09081255,79.70445561,261.0329257,Failure,Honda,Fog,Dry,Day,High
136.7182563,73.99042429,885.7362879,Failure,Peugeot,Fog,Wet,Night,Low
50.75554016,72.89942538,197.9744477,Failure,BMW,Snow,Icy,Day,High
45.11913077,42.15276213,316.5604784,Success,Renault,Fog,Dry,Night,Low
169.1901393,76.44373713,416.8314609,Failure,Ford,Snow,Icy,Day,Low
180.0060341,85.01996232,309.9563948,Failure,Ford,Snow,Icy,Night,Low
171.7857728,101.0951585,250.1751104,Failure,Ford,Rain,Dry,Night,High
75.1646189,99.20095482,782.5887922,Failure,Volkswagen,Clear,Dry,Night,High
150.6520925,71.67001835,362.5653508,Success,Peugeot,Rain,Wet,Night,High
108.9055201,74.4635401,156.8873098,Failure,BMW,Snow,Wet,Day,Medium
54.93214148,102.4781061,563.8504043,Failure,Ford,Snow,Icy,Day,Medium
156.2980603,76.53072206,169.2140724,Close Call,Peugeot,Rain,Wet,Night,Low
158.1444659,69.7994092,389.6436271,Failure,BMW,Rain,Icy,Day,Low
146.076851,107.850369,887.7354242,Failure,Honda,Fog,Wet,Day,Low
184.517105,100.7517133,400.7031354,Failure,Ford,Fog,Icy,Night,Low
183.8963989,80.37583584,650.8835256,Success,Peugeot,Fog,Wet,Night,Low
70.11885634,68.12445104,538.8942592,Success,Peugeot,Clear,Wet,Day,Medium
156.3577449,39.76239362,180.8386035,Failure,Ford,Clear,Icy,Night,Low
137.3753737,91.79407211,666.6161179,Success,Peugeot,Clear,Dry,Day,Medium
146.7055111,62.07260555,863.2332471,Success,Renault,Clear,Wet,Night,Medium
183.7260703,40.74535982,138.5518503,Failure,Mercedes,Rain,Icy,Night,Low
162.126695,111.6964105,765.9960847,Failure,Mercedes,Snow,Icy,Night,High
99.81242101,92.95935582,705.7007174,Success,Ford,Fog,Icy,Day,Medium
176.2451869,57.21983614,873.3275462,Success,Nissan,Fog,Dry,Day,Medium
167.5231667,55.71197234,148.8873355,Close Call,Audi,Snow,Dry,Night,High
143.8727008,97.41923564,340.4106104,Failure,Volkswagen,Rain,Wet,Night,Medium
176.1743066,62.44058767,709.5769129,Success,BMW,Snow,Icy,Day,High
109.7173472,105.9229974,70.91707994,Failure,Honda,Rain,Dry,Day,Low
144.8558725,92.32918625,747.3718938,Failure,Renault,Snow,Dry,Night,Low
45.57222126,90.73193041,865.0796501,Success,Volkswagen,Snow,Dry,Day,Low
124.6013515,88.09390911,480.6388498,Failure,Mercedes,Fog,Dry,Day,Medium
146.3164693,83.82901744,462.6134083,Success,Audi,Snow,Icy,Day,High
98.62166355,97.61022398,314.545514,Failure,Renault,Fog,Wet,Day,High
166.5085584,70.91839275,54.7992765,Close Call,Renault,Clear,Dry,Day,Medium
112.909493,81.71903947,226.9883408,Close Call,Nissan,Clear,Wet,Night,High
84.55718982,95.03893175,980.8709125,Failure,Volkswagen,Rain,Dry,Night,Medium
121.9223036,91.25979437,873.9217733,Failure,Ford,Fog,Dry,Day,Medium
171.7722075,56.10026389,303.1794068,Success,BMW,Snow,Wet,Day,Medium
140.5428412,69.99180665,965.5614143,Success,Honda,Fog,Wet,Day,Low
178.011109,85.05607011,399.3269852,Failure,Peugeot,Clear,Icy,Night,High
107.6666986,71.83970582,332.706106,Success,Nissan,Clear,Icy,Day,High
137.1871289,115.4931712,195.1672537,Failure,Renault,Fog,Icy,Night,Medium
132.9751069,72.1369361,906.530516,Success,Nissan,Rain,Icy,Night,Low
78.47724455,76.75563105,987.6428665,Failure,BMW,Snow,Wet,Night,Medium
149.2405702,95.38860356,361.0408339,Failure,Mercedes,Clear,Wet,Day,Medium
54.51883569,86.61065486,718.2589022,Failure,Volkswagen,Fog,Dry,Day,Medium
125.517385,77.09451086,368.5382393,Success,Nissan,Rain,Wet,Night,High
69.92209417,64.87012942,149.7412023,Close Call,Volkswagen,Fog,Dry,Night,High
71.36809832,86.03028115,423.0576915,Failure,Peugeot,Snow,Icy,Day,Low
182.1764162,100.7819288,573.9914627,Failure,Nissan,Snow,Dry,Day,Medium
98.83289368,89.58190448,166.8659212,Risk,Honda,Snow,Icy,Night,Medium
117.7456011,64.43632957,827.3591361,Success,Mercedes,Fog,Dry,Day,High
138.1159301,114.7354991,522.494961,Failure,Toyota,Fog,Icy,Night,Medium
114.7607288,51.0684422,272.6638049,Risk,Ford,Snow,Wet,Night,Low
146.6227015,48.34628716,613.1215996,Success,Audi,Rain,Icy,Night,Low
48.64423145,99.21114449,803.5963408,Success,Toyota,Rain,Icy,Day,Low
139.7382165,84.51680957,361.2431316,Failure,Renault,Snow,Dry,Night,Medium
90.41508965,69.01002907,716.4025082,Success,Honda,Fog,Wet,Day,High
168.1109736,58.02858545,456.466221,Success,Toyota,Fog,Dry,Night,High
65.07710883,126.4159968,965.8486104,Failure,BMW,Rain,Wet,Day,Medium
49.29008496,82.34181744,782.3930823,Failure,Honda,Snow,Wet,Night,Medium
53.53315323,90.68402342,388.5333574,Failure,Toyota,Fog,Icy,Day,High
118.105923,86.35770194,66.86056111,Risk,Ford,Fog,Icy,Night,Low
75.13481397,88.69615915,674.6439006,Failure,Peugeot,Rain,Icy,Night,Low
150.4448772,90.80188921,237.9785507,Failure,Peugeot,Clear,Dry,Night,Low
52.77364003,94.6484802,165.7852169,Close Call,Mercedes,Snow,Dry,Day,Low
77.87604574,72.49555198,935.1876288,Success,Nissan,Rain,Wet,Day,Medium
161.233827,74.16716027,999.9515217,Failure,Toyota,Clear,Dry,Day,Low
51.38976225,45.17954383,306.3943795,Success,Volkswagen,Clear,Icy,Night,High
155.2657944,64.39391187,336.6801246,Success,Renault,Rain,Dry,Night,High
60.64710829,85.42225593,206.7394923,Risk,Toyota,Clear,Dry,Day,High
162.9862613,100.9004675,484.8005371,Failure,Ford,Snow,Wet,Day,High
154.7659049,91.98079053,872.5515718,Failure,Audi,Fog,Icy,Day,Low
75.62581362,73.18615312,716.4306545,Success,Renault,Rain,Dry,Night,High
101.2761438,54.73654176,854.0149802,Success,Honda,Snow,Dry,Day,Low
109.1206385,24.45281709,267.0575729,Failure,Volkswagen,Clear,Wet,Day,Low
100.1287127,103.0346795,743.933264,Failure,Honda,Clear,Wet,Night,Medium
74.54442711,68.21542027,922.600297,Failure,BMW,Rain,Wet,Night,High
76.66210181,71.03069988,317.3453085,Success,Audi,Rain,Icy,Night,Low
141.6974212,82.63147936,706.1208664,Failure,Nissan,Fog,Wet,Day,Low
66.21799753,51.88879905,430.6245411,Success,Mercedes,Clear,Dry,Night,High
84.4781228,73.0043564,325.7153129,Failure,Nissan,Rain,Dry,Night,High
53.82361545,120.469439,971.1422953,Failure,Ford,Clear,Icy,Night,High
75.53516702,90.10773877,381.2015685,Failure,Toyota,Clear,Wet,Day,High
50.29319705,87.18498313,152.4571972,Close Call,Volkswagen,Clear,Icy,Day,Medium
142.7674227,48.35011044,419.1597491,Success,Peugeot,Rain,Icy,Night,Low
101.6200719,124.8720379,475.2943764,Failure,Renault,Snow,Icy,Night,Low
97.87356021,51.54410183,764.6002842,Success,Toyota,Fog,Icy,Night,High
112.9893531,118.4464951,952.4185536,Failure,Ford,Snow,Wet,Day,Low
81.58124604,37.6988797,826.2041346,Success,Honda,Clear,Icy,Day,Low
95.44670292,108.1073088,934.3942457,Failure,Ford,Rain,Icy,Day,Medium
127.7351941,112.3610854,501.3071235,Success,BMW,Clear,Icy,Night,Medium
76.43334131,63.51181757,733.3507398,Success,Mercedes,Fog,Dry,Day,Low
109.6755126,88.45160745,343.5971058,Failure,Audi,Clear,Wet,Day,Medium
125.4891712,90.94961144,116.1077531,Risk,Honda,Fog,Icy,Day,High
64.33315961,63.72411034,397.1998491,Success,Ford,Rain,Dry,Night,Medium
87.97579121,51.01764779,713.0194669,Success,Nissan,Rain,Wet,Day,Medium
122.3097188,53.64565314,310.8910047,Failure,Audi,Snow,Icy,Night,High
101.1763741,90.8201644,868.3356009,Success,Mercedes,Rain,Wet,Night,High
145.2392446,78.29768795,801.2342075,Failure,Mercedes,Clear,Wet,Day,Medium
77.38505028,68.71397933,234.3404217,Failure,Mercedes,Fog,Wet,Night,Medium
110.9013195,99.33536022,364.2949244,Failure,Volkswagen,Clear,Icy,Day,Medium
159.9464499,90.16135819,834.0374867,Success,BMW,Fog,Icy,Day,Medium
64.98770434,64.89074547,281.7409,Failure,Mercedes,Rain,Wet,Night,High
170.2899079,55.97596962,365.0220384,Success,Peugeot,Snow,Dry,Night,Low
107.6144239,90.46523477,375.9135858,Failure,BMW,Clear,Wet,Night,Low
112.1776412,69.24833263,810.9899264,Success,Renault,Rain,Icy,Night,High
134.0271769,81.98409725,85.17875232,Risk,Peugeot,Snow,Icy,Day,Medium
120.8567,111.5259795,120.097634,Close Call,Peugeot,Snow,Icy,Night,Medium
160.2550186,90.0465648,599.5289708,Failure,Audi,Rain,Icy,Night,Low
71.12961348,62.75466,427.2563914,Success,Honda,Fog,Wet,Night,Low
63.18664876,83.2132238,651.2410536,Success,Mercedes,Fog,Dry,Day,Medium
81.88785369,60.94710094,303.1382124,Failure,Honda,Fog,Wet,Night,High
184.6938695,112.1704431,914.1035436,Failure,Renault,Clear,Icy,Night,High
58.84101827,68.76842501,772.8947928,Success,Toyota,Rain,Wet,Night,High
119.2632533,84.14541494,114.3589095,Close Call,Peugeot,Clear,Dry,Night,Medium
153.2733029,86.15465149,794.7102034,Success,Renault,Fog,Dry,Night,Medium
161.5634615,83.18500937,971.1032537,Failure,Ford,Fog,Wet,Day,Medium
179.039457,40.8290209,945.3138396,Success,Nissan,Fog,Dry,Night,Medium
184.3233661,51.07157872,748.7096081,Success,Honda,Rain,Wet,Night,Low
122.3158621,70.95299449,167.4140658,Failure,Audi,Rain,Wet,Night,High
78.71015774,86.38863667,597.2729275,Failure,Peugeot,Snow,Dry,Night,Low
117.7855021,77.24441571,320.0210924,Failure,Audi,Snow,Icy,Night,Medium
148.0445056,60.85705054,971.7022965,Success,Toyota,Snow,Wet,Day,Low
111.7334784,53.03151362,731.6114391,Success,Toyota,Fog,Dry,Day,Low
83.12342764,71.96884911,630.2273103,Failure,Honda,Snow,Wet,Night,Low
160.0930235,70.63047911,710.3336405,Failure,Nissan,Rain,Dry,Night,High
161.0760844,90.25672915,466.0801727,Success,Mercedes,Rain,Dry,Day,Medium
122.0907048,73.47363076,404.0999139,Success,Peugeot,Snow,Wet,Night,Medium
129.2184004,92.05415313,939.0096005,Failure,Renault,Clear,Wet,Night,High
116.8947834,68.10700461,365.3307781,Success,BMW,Clear,Wet,Night,High
154.4992261,74.88084662,89.36432515,Risk,BMW,Snow,Icy,Day,High
169.1909477,73.03907241,430.7981464,Failure,Peugeot,Fog,Icy,Day,High
45.28166887,64.35266066,800.823335,Success,BMW,Fog,Wet,Night,Medium
181.3077795,92.50237313,666.0449401,Failure,Renault,Snow,Dry,Night,High
93.17690318,63.72808006,964.0622367,Success,Audi,Rain,Wet,Day,Medium
100.8778278,69.5671698,150.8917742,Close Call,Peugeot,Clear,Dry,Day,High
96.47564806,78.53760708,915.9689871,Success,Renault,Clear,Dry,Night,Medium
163.2108737,54.05240688,400.4067342,Success,Mercedes,Fog,Wet,Day,Low
148.1509695,73.50130083,500.3024562,Failure,BMW,Snow,Wet,Day,Low
70.04752496,65.77387281,457.0580468,Failure,Honda,Snow,Wet,Night,High
102.1330978,72.23691615,160.629667,Risk,Audi,Clear,Wet,Night,High
45.38174242,78.80143995,285.4066329,Risk,Renault,Rain,Icy,Night,Medium
157.435865,64.00172754,755.1579908,Failure,Renault,Clear,Wet,Day,Medium
78.07926667,75.5984844,71.85716475,Close Call,Toyota,Snow,Wet,Day,Low
56.62233664,106.173375,177.1933857,Failure,Ford,Snow,Dry,Night,Medium
137.5076556,79.48402883,73.94966035,Failure,Nissan,Clear,Icy,Day,High
75.67338486,102.9052435,864.5186545,Failure,Honda,Fog,Dry,Night,Medium
121.8610757,86.92988884,636.4585864,Success,Honda,Clear,Dry,Night,Low
67.5686866,95.4832122,211.432229,Close Call,Nissan,Fog,Dry,Day,Low
155.6151694,64.51082062,780.3336119,Failure,Volkswagen,Fog,Wet,Day,Low
182.4762935,82.0981433,968.4605676,Success,BMW,Clear,Icy,Day,Medium
60.04888815,82.67825845,937.8323558,Failure,BMW,Fog,Dry,Night,Low
162.7977655,67.74748522,925.4701704,Failure,Toyota,Rain,Dry,Day,High
113.5705373,63.54343351,57.41970464,Failure,Renault,Snow,Icy,Night,High
52.19752114,50.19469224,609.5628145,Failure,Volkswagen,Snow,Dry,Night,Low
117.9830633,109.9227927,293.8009858,Failure,BMW,Fog,Wet,Night,Medium
112.4692087,60.55194221,586.4148536,Success,Renault,Fog,Dry,Night,High
169.7978204,106.9244215,352.1287747,Success,BMW,Clear,Wet,Night,Low
92.65485021,70.65013653,195.9832156,Failure,Audi,Snow,Icy,Night,Medium
151.0489033,62.75013401,472.2690372,Success,Ford,Snow,Wet,Day,Low
63.52284141,92.45038281,520.3415108,Failure,Mercedes,Clear,Icy,Night,Low
99.39045536,67.37616117,990.2772315,Failure,Renault,Fog,Icy,Day,Medium
120.5102371,91.36917838,90.26848993,Failure,Honda,Fog,Wet,Night,Medium
70.41312274,73.3437647,336.097439,Success,Toyota,Fog,Dry,Day,Medium
72.68780417,89.60848992,859.2991528,Failure,Toyota,Snow,Dry,Day,Medium
79.34772344,60.63627872,676.7107232,Success,Audi,Rain,Dry,Night,High
148.9915025,96.62702116,835.3488803,Failure,Nissan,Clear,Dry,Night,Low
177.0887268,89.75945365,677.2763726,Failure,Toyota,Snow,Dry,Day,Medium
62.80174128,61.6069862,771.5594937,Success,BMW,Rain,Wet,Day,Medium
121.7115916,132.8587144,518.2756625,Failure,Volkswagen,Clear,Icy,Night,Low
65.59452848,90.80246053,244.6338083,Risk,Volkswagen,Snow,Dry,Day,Low
52.59581708,125.8093414,819.5036678,Failure,BMW,Clear,Icy,Night,Medium
50.52399013,112.0053564,589.4296219,Failure,BMW,Rain,Dry,Day,High
105.0469076,76.2233044,182.5299341,Close Call,BMW,Rain,Dry,Day,Medium
104.5451863,71.75456491,814.6493255,Failure,Renault,Clear,Dry,Night,High
137.9869412,71.93081633,960.6566148,Failure,Audi,Clear,Wet,Day,High
99.5904464,43.39942899,378.855679,Success,Peugeot,Snow,Icy,Night,Medium
77.16029875,66.08329761,328.8366395,Success,Renault,Snow,Wet,Day,Medium
58.48246277,84.93532048,127.6864193,Close Call,Volkswagen,Rain,Icy,Day,High
124.9620864,110.5191512,681.2666651,Failure,Toyota,Snow,Dry,Night,Medium
75.42739423,64.54456234,961.0135376,Success,Nissan,Rain,Dry,Day,Low
97.80107227,97.64113199,179.1930555,Risk,BMW,Clear,Dry,Day,Medium
47.45424738,54.94813317,510.9016498,Success,BMW,Rain,Wet,Day,Medium
79.86588823,68.2735995,143.3262754,Risk,Nissan,Fog,Icy,Day,Medium
136.1403934,70.84718811,82.40440852,Close Call,Ford,Clear,Icy,Day,Medium
62.239294,87.43622163,681.2759981,Failure,BMW,Snow,Icy,Day,Low
137.5897538,89.14619293,874.3028166,Failure,Honda,Rain,Wet,Day,High
165.4589167,99.2468349,370.6920093,Failure,Peugeot,Fog,Icy,Day,Low
166.7116498,95.41673921,881.9769157,Failure,Honda,Clear,Icy,Night,Low
67.03541888,84.86336431,161.2004442,Failure,Nissan,Snow,Wet,Day,Medium
110.4265713,87.80729887,276.0626478,Risk,Nissan,Clear,Wet,Night,Medium
170.238912,111.7706138,906.5263906,Failure,Volkswagen,Rain,Icy,Night,Medium
147.189668,69.78147638,533.084399,Success,Toyota,Fog,Icy,Day,Low
166.294093,95.49456638,627.7827646,Failure,Audi,Rain,Wet,Day,Medium
99.16502173,43.83712147,86.11732092,Failure,Volkswagen,Rain,Wet,Day,Medium
114.861773,88.22668486,171.9704146,Failure,BMW,Fog,Wet,Night,Low
170.3159674,70.33500915,103.0012719,Close Call,Renault,Rain,Wet,Night,High
105.0619195,80.05142365,909.750703,Success,Honda,Snow,Wet,Night,Low
138.8234785,100.8017249,178.0552157,Failure,Mercedes,Clear,Wet,Day,Medium
104.4427081,83.29287619,857.1891853,Success,Audi,Snow,Dry,Day,High
144.1209072,97.70375082,383.4829644,Failure,Toyota,Fog,Icy,Day,Medium
130.8514742,109.4752963,810.5676215,Failure,Honda,Snow,Icy,Night,Low
106.824489,87.78187938,396.7913701,Failure,Mercedes,Rain,Icy,Day,High
121.8630797,103.4208213,304.2998377,Failure,Nissan,Rain,Wet,Day,Medium
128.7408451,73.46878045,138.9776661,Risk,Peugeot,Rain,Dry,Day,Low
168.0681484,79.83580235,316.671261,Failure,Audi,Snow,Icy,Day,Medium
139.7619664,69.54761167,497.9057309,Success,BMW,Clear,Dry,Night,Medium
144.9256262,100.8595519,826.633359,Failure,Renault,Snow,Dry,Night,Low
180.7897229,88.28182708,479.889207,Success,Audi,Clear,Wet,Night,High
54.47264598,69.85531076,972.8637962,Success,Nissan,Fog,Icy,Day,High
71.26589888,83.09337667,564.5513603,Failure,Mercedes,Fog,Dry,Night,High
89.53712103,100.8313678,73.69834832,Failure,Volkswagen,Clear,Wet,Day,Low
177.4494281,79.21464018,444.5989352,Failure,Nissan,Fog,Icy,Night,Low
76.99770361,61.02134378,704.454152,Success,Audi,Snow,Wet,Night,Low
124.1132402,82.63823512,272.5770639,Risk,Audi,Snow,Dry,Night,Medium
61.48655827,40.38868818,713.6984533,Success,Peugeot,Clear,Icy,Day,Low
82.89340852,95.37541289,528.5124399,Success,Ford,Clear,Icy,Day,High
83.65536006,71.57344825,74.4508868,Failure,Nissan,Snow,Icy,Day,Medium
144.1852768,70.61378527,785.635302,Failure,Nissan,Snow,Icy,Day,Medium
60.23607147,97.51391358,582.3550186,Failure,Peugeot,Rain,Icy,Day,High
150.9778292,52.69674246,128.3688279,Failure,Toyota,Fog,Wet,Day,High
87.49646602,118.9419729,501.4533318,Failure,Ford,Rain,Icy,Night,High
147.6858591,70.39515917,322.9282377,Failure,Ford,Clear,Wet,Night,Medium
96.31855616,69.53498113,885.6974655,Success,Renault,Fog,Icy,Day,High
104.6961482,100.4244949,320.6807002,Failure,Peugeot,Rain,Dry,Night,High
62.61630639,94.17390546,944.6027174,Failure,Nissan,Snow,Wet,Day,Low
59.95786734,129.0245944,568.8261119,Failure,Peugeot,Clear,Dry,Night,Medium
120.8578577,75.77588033,357.4330241,Failure,Volkswagen,Snow,Wet,Day,Medium
134.1898215,77.59186723,822.8677665,Failure,Audi,Clear,Icy,Night,High
57.89829385,50.4136804,712.5303594,Success,Honda,Snow,Icy,Night,High
64.52051413,73.35795445,443.2643709,Success,Ford,Snow,Wet,Day,Low
49.54198514,65.57137409,648.1373876,Success,Nissan,Snow,Icy,Night,Medium
67.7372177,71.02465974,789.6550508,Success,Peugeot,Rain,Wet,Night,Medium
76.16085292,45.11624487,858.9799046,Success,Toyota,Snow,Wet,Day,Low
141.6984334,113.2121512,825.592078,Failure,Audi,Rain,Icy,Night,High
54.13005061,51.66793035,207.7732342,Failure,Mercedes,Rain,Icy,Day,Medium
141.2369113,23.95594403,836.9700749,Success,Renault,Fog,Icy,Day,Low
101.7599863,56.23151157,105.6976059,Failure,Toyota,Snow,Wet,Day,High
65.01352127,67.92320894,240.1621475,Failure,Peugeot,Fog,Dry,Night,Medium
182.5260843,57.00891873,641.7803841,Success,Mercedes,Rain,Wet,Day,Low
115.5976631,101.9660708,158.9578992,Failure,Nissan,Rain,Wet,Day,Low
86.18579885,77.24321643,623.1802153,Success,Honda,Clear,Icy,Day,High
52.770724,80.50771209,342.5674068,Failure,Mercedes,Fog,Icy,Night,Medium
89.00503017,92.20783529,457.9932559,Failure,Renault,Rain,Icy,Night,Low
130.7438724,85.72025054,349.3939283,Success,BMW,Fog,Dry,Night,High
79.40820766,99.57134595,116.6648895,Failure,Toyota,Fog,Dry,Night,Low
124.6938031,57.81044893,525.7208153,Success,Volkswagen,Fog,Wet,Day,High
83.9589377,69.04963799,965.4194722,Success,Honda,Clear,Wet,Day,Low
51.22361984,93.31934292,631.1941808,Failure,Peugeot,Snow,Wet,Day,Medium
102.8432767,29.30891076,335.030278,Success,BMW,Rain,Dry,Day,Medium
94.92684028,52.49631041,958.3423424,Success,Renault,Rain,Dry,Night,High
79.42462234,90.01984464,419.7753894,Failure,Renault,Snow,Wet,Night,Low
119.0560564,70.3950193,712.6418472,Failure,Renault,Rain,Wet,Night,High
99.54719541,98.722151,652.4071647,Failure,Toyota,Clear,Icy,Night,High
177.9923655,96.18360594,955.2653056,Success,Nissan,Clear,Dry,Day,High
131.9720773,56.0381424,918.8725598,Success,Honda,Snow,Wet,Night,Low
95.14158001,88.13314175,190.6038535,Close Call,Audi,Snow,Wet,Night,High
75.00713708,104.0339571,131.401581,Failure,Mercedes,Snow,Dry,Day,Low
138.1173402,82.94868803,819.1602114,Failure,Peugeot,Clear,Icy,Day,High
173.8180207,60.45070246,909.6960526,Failure,Nissan,Rain,Icy,Day,High
132.7958355,97.58779884,518.3249237,Failure,Renault,Fog,Dry,Night,Medium
161.114914,92.70849053,706.2232101,Failure,Renault,Clear,Wet,Day,Medium
140.792014,90.85221567,116.2988662,Close Call,Audi,Fog,Dry,Day,High
177.6054106,94.31877787,258.814178,Risk,Nissan,Clear,Wet,Day,Medium
102.0092469,20.1077428,191.9073849,Failure,Nissan,Clear,Dry,Night,High
153.1815347,97.61875122,621.1025544,Failure,Audi,Snow,Icy,Day,Medium
116.2860356,116.1626362,237.6628991,Failure,Honda,Clear,Wet,Night,High
51.9288054,88.73276949,106.8539998,Risk,Volkswagen,Rain,Wet,Day,Medium
46.85671364,83.85457993,337.0969186,Failure,Nissan,Clear,Icy,Day,Low
104.5172851,93.92877347,693.3518077,Success,Renault,Rain,Icy,Night,High
137.3964147,86.76450947,598.970538,Success,Mercedes,Clear,Icy,Day,High
165.8581552,93.03562523,364.1887172,Failure,Ford,Clear,Wet,Day,Low
49.56724236,80.02942,841.8049321,Success,Nissan,Fog,Icy,Day,Low
176.8581742,64.66590291,312.4556526,Success,Toyota,Clear,Icy,Night,Low
168.8664717,59.91354576,297.5202564,Risk,Nissan,Clear,Wet,Night,Low
167.3064086,60.03616544,581.9500403,Failure,Ford,Fog,Icy,Night,Low
134.9737693,52.53914898,504.3048579,Success,Mercedes,Clear,Dry,Night,Medium
110.3321287,58.64515978,473.6740276,Success,BMW,Snow,Dry,Night,Medium
157.5591522,115.2253225,197.996338,Failure,Ford,Rain,Dry,Night,Medium
73.86438789,95.08191327,529.4138821,Failure,Peugeot,Snow,Icy,Day,Medium
85.92082035,67.49945219,296.0679714,Risk,Volkswagen,Clear,Wet,Night,Medium
69.17706199,72.19214612,422.5708885,Success,Audi,Rain,Icy,Night,Low
184.7174537,82.25115062,746.8919253,Failure,Mercedes,Clear,Dry,Day,High
71.90537973,66.88909941,940.0196843,Success,Toyota,Rain,Icy,Night,Medium
143.1051286,81.35033714,785.1698169,Failure,Renault,Clear,Icy,Night,High
109.6901178,95.55208276,435.3521999,Failure,Mercedes,Fog,Wet,Day,Low
49.66133989,79.28514533,613.3814824,Failure,Audi,Clear,Dry,Day,High
56.37689513,86.72031485,759.1729251,Failure,Mercedes,Rain,Dry,Day,Low
175.119971,97.72983079,443.5099976,Failure,Mercedes,Clear,Dry,Night,High
149.2359763,74.55736488,392.2357509,Failure,Nissan,Clear,Icy,Day,High
121.4413699,85.69581198,178.4811312,Risk,Honda,Clear,Dry,Night,Low
74.32507235,73.81244814,749.4477614,Failure,Audi,Snow,Icy,Day,Low
45.88985952,79.4294226,846.5831613,Success,Peugeot,Rain,Dry,Day,Medium
153.1709884,73.5053947,350.7551905,Success,Peugeot,Rain,Wet,Day,Low
88.72180639,69.42260293,794.3323774,Success,BMW,Clear,Dry,Night,Medium
74.96568115,83.47423706,629.7024054,Failure,BMW,Clear,Dry,Night,Medium
69.1236138,91.33090632,794.8788941,Success,Toyota,Clear,Wet,Day,Low
158.2314939,82.92608892,440.770514,Success,Ford,Fog,Icy,Night,High
131.8886069,89.97453917,760.1975455,Success,Renault,Fog,Dry,Night,Medium
134.7821089,65.2413644,438.083662,Success,Audi,Snow,Dry,Day,Medium
174.5612163,55.92529616,134.3200861,Close Call,Honda,Clear,Wet,Day,Medium
169.8518661,88.34087006,573.0499722,Failure,Mercedes,Clear,Wet,Night,Low
140.2645729,93.75762782,481.6122901,Success,Volkswagen,Snow,Icy,Night,Low
179.5437712,80.99714533,290.2358928,Failure,Mercedes,Snow,Wet,Day,High
77.05454114,106.9607156,897.5076682,Success,Ford,Clear,Dry,Day,Medium
47.74431263,98.15397596,413.7106403,Failure,Toyota,Clear,Dry,Day,High
174.0389489,133.6114168,87.16980586,Failure,Ford,Fog,Icy,Night,Low
82.00591661,75.98382972,413.0289532,Success,Volkswagen,Rain,Wet,Day,Medium
181.2344154,60.02302408,453.2843175,Failure,Volkswagen,Rain,Icy,Day,Low
76.36546824,65.19726419,868.555837,Success,Peugeot,Rain,Wet,Day,Medium
83.98434335,68.69004387,809.2240477,Success,Peugeot,Snow,Dry,Night,Low
172.3229752,89.52062767,239.9682566,Risk,Ford,Clear,Dry,Night,Low
158.7717221,36.83862872,847.0777647,Success,Peugeot,Snow,Icy,Night,High
58.63477162,106.3710204,285.5308668,Failure,Nissan,Snow,Wet,Night,High
125.5659748,75.21406818,374.8374408,Failure,BMW,Fog,Dry,Night,Low
67.08522487,75.06412884,122.9775313,Close Call,Honda,Rain,Dry,Day,Medium
55.03402054,58.41313668,102.5884975,Close Call,Honda,Snow,Wet,Night,High
130.733456,77.71548897,696.8171148,Success,Volkswagen,Fog,Icy,Night,Medium
55.92735285,80.26479535,927.1740303,Success,Volkswagen,Clear,Icy,Day,Low
111.065298,77.56110145,518.3660115,Success,BMW,Clear,Icy,Day,High
131.0317866,86.78118512,851.8890264,Success,Mercedes,Snow,Icy,Night,Low
176.474374,68.20735916,804.0636872,Success,Renault,Rain,Icy,Day,Medium
173.9781079,62.08368479,681.4447872,Success,Toyota,Snow,Dry,Night,High
130.0440436,90.96656261,979.3174846,Failure,Toyota,Clear,Wet,Day,High
115.3797527,81.97334908,812.0785248,Failure,Volkswagen,Rain,Icy,Night,Medium
136.0547655,83.9436211,311.1021745,Failure,BMW,Fog,Dry,Day,Low
174.495169,101.1805451,799.5635339,Failure,Honda,Clear,Icy,Day,Medium
183.7316588,59.54871217,708.028564,Success,Volkswagen,Rain,Icy,Night,Low
49.63264661,62.89519085,429.5444243,Success,Renault,Rain,Dry,Day,Low
180.7372924,105.144393,122.9575967,Close Call,Toyota,Snow,Icy,Day,Medium
157.4460371,50.34233285,253.6415531,Risk,BMW,Clear,Wet,Night,Low
55.50067757,53.81175707,807.3759971,Failure,Audi,Snow,Icy,Night,High
157.023503,96.35723662,286.0610237,Failure,Mercedes,Snow,Dry,Day,High
137.7686074,84.76400384,997.9650839,Failure,Mercedes,Fog,Wet,Night,High
171.8033118,82.10464274,709.288733,Success,BMW,Fog,Dry,Night,High
109.0916194,78.16681184,503.3613567,Success,Toyota,Fog,Icy,Night,High
115.4673848,80.62535094,591.9148557,Success,Audi,Snow,Wet,Day,High
162.2238637,78.15775771,630.3290874,Success,Mercedes,Clear,Dry,Night,High
112.7302912,107.1088541,970.497579,Failure,Renault,Snow,Icy,Day,High
118.6915062,72.03703742,203.6541349,Risk,Mercedes,Clear,Dry,Day,Low
79.21024306,76.77252927,308.7760125,Failure,Nissan,Fog,Icy,Day,High
91.25915169,115.8889761,724.1114956,Failure,Peugeot,Clear,Wet,Day,High
85.27077255,80.55019404,277.865084,Risk,Audi,Snow,Icy,Night,Low
51.3928505,124.6403278,877.7323041,Failure,Mercedes,Fog,Wet,Night,Low
126.6247306,77.90040598,379.2074669,Success,Volkswagen,Rain,Dry,Day,Low
162.9712105,107.3482996,221.7974299,Close Call,Renault,Snow,Wet,Night,Low
152.8437715,46.89311923,95.23972281,Risk,Renault,Rain,Dry,Day,Low
79.52198954,83.07288922,615.8152883,Success,Audi,Fog,Icy,Night,Low
127.0833565,48.31052874,834.0180801,Failure,Renault,Snow,Icy,Day,Medium
113.6602919,96.88908613,310.1034556,Failure,Toyota,Clear,Wet,Day,Medium
159.3175492,55.74264368,921.6625119,Success,Mercedes,Fog,Icy,Day,Low
94.48718923,85.67539109,769.8475566,Failure,Audi,Snow,Dry,Night,Low
50.12357315,74.35608247,108.2356484,Risk,Audi,Clear,Icy,Day,High
169.2186137,56.8359363,594.0013468,Success,Renault,Rain,Icy,Night,High
138.8392599,47.61280034,589.0688933,Success,BMW,Rain,Dry,Night,Low
70.46018444,69.77919073,242.2536897,Close Call,Mercedes,Clear,Wet,Night,High
73.7985821,114.8125889,367.8171597,Failure,BMW,Fog,Icy,Night,High
100.7479797,74.1302989,485.3649489,Success,Peugeot,Clear,Icy,Night,Low
111.6943527,98.34443084,95.67393018,Risk,Volkswagen,Fog,Icy,Day,High
91.24201977,78.85914265,192.2875888,Failure,Peugeot,Fog,Icy,Day,Medium
117.1938632,97.53453547,205.8041697,Failure,BMW,Rain,Icy,Day,Medium
169.943035,43.46177243,410.2739667,Success,Honda,Snow,Wet,Night,High
133.194499,71.93623386,759.9895857,Success,Renault,Fog,Wet,Day,Medium
96.73408101,98.98811048,839.7384761,Failure,BMW,Rain,Dry,Night,Low
165.4620312,76.73490102,204.7065937,Failure,BMW,Rain,Wet,Day,Low
142.4012271,78.27089435,764.3107342,Failure,BMW,Clear,Dry,Night,Low
128.1213388,71.39076176,687.1744605,Success,Audi,Snow,Wet,Night,Low
117.3125432,102.9875877,896.1530223,Failure,Renault,Snow,Dry,Day,Medium
57.29718698,85.95028708,970.3516912,Failure,Audi,Snow,Dry,Day,Low
128.0109193,80.88044552,168.2375784,Close Call,Nissan,Snow,Icy,Night,High
100.7562989,92.86109091,126.6401683,Close Call,Ford,Snow,Dry,Night,Low
122.0460662,91.76449858,809.7436225,Failure,BMW,Rain,Icy,Night,Medium
62.36910292,84.25174093,204.0623294,Risk,Nissan,Snow,Dry,Night,High
155.0648579,110.9406299,234.845798,Close Call,Nissan,Rain,Dry,Night,High
116.6738465,78.79424933,887.9341264,Failure,Honda,Snow,Icy,Day,High
161.330278,85.56162096,942.0166522,Failure,Volkswagen,Snow,Wet,Night,Medium
73.95371635,67.14094893,352.5476817,Failure,Renault,Rain,Wet,Day,High
176.3317825,83.00230454,850.0596954,Failure,Volkswagen,Snow,Wet,Night,Low
125.9458571,111.7552305,865.9140641,Success,Volkswagen,Fog,Icy,Night,Low
55.5959988,67.13484796,625.1209565,Success,Nissan,Clear,Icy,Night,Medium
88.92047387,57.32814349,587.7840257,Success,BMW,Fog,Wet,Day,Medium
182.5758871,99.93519286,597.0464888,Failure,Honda,Rain,Icy,Night,Low
130.8667767,77.02467696,336.2247283,Failure,Nissan,Snow,Icy,Night,Low
103.7645873,81.9200841,637.923687,Success,Honda,Fog,Wet,Night,High
173.1967981,79.09773393,281.4012576,Risk,Volkswagen,Snow,Wet,Day,Low
95.57984656,81.58243448,218.7506756,Risk,BMW,Rain,Wet,Day,Low
149.6004065,97.01061367,442.3029317,Failure,Peugeot,Clear,Wet,Night,Low
65.47711138,63.21751619,720.4914018,Success,Mercedes,Rain,Wet,Day,High
142.6023574,59.76451832,640.356303,Success,Ford,Snow,Wet,Night,High
113.8015646,81.69936274,966.6379754,Failure,Peugeot,Rain,Icy,Day,Medium
104.4480938,47.87120621,664.1331158,Success,Renault,Rain,Icy,Night,High
77.42528531,52.53892928,184.2483473,Failure,Nissan,Snow,Dry,Day,Low
183.2438192,117.333663,203.1573026,Failure,Renault,Fog,Icy,Night,Medium
62.30670928,95.1493666,138.4137831,Failure,Volkswagen,Rain,Dry,Day,Low
73.48886595,79.79887056,231.6150767,Risk,Mercedes,Rain,Wet,Day,Low
97.8375857,104.7601387,618.0533556,Failure,BMW,Snow,Dry,Night,Low
63.35685238,59.1880154,846.3721513,Success,Renault,Rain,Wet,Night,Low
175.9454264,73.68793753,899.1742695,Success,Mercedes,Rain,Dry,Night,Medium
172.4533947,92.46907219,430.0416924,Failure,Toyota,Rain,Icy,Night,Medium
106.3469892,97.81343363,580.6538772,Failure,Audi,Rain,Wet,Night,High
113.9360974,90.25833694,818.7396125,Failure,Mercedes,Fog,Wet,Day,High
53.69268365,29.17522385,346.4669951,Success,Volkswagen,Snow,Icy,Night,Low
162.5122013,60.63835765,615.8855542,Success,Honda,Clear,Dry,Day,Medium
154.2682553,89.54136185,215.3783855,Risk,Ford,Clear,Icy,Night,Medium
100.0604523,72.88097014,502.7133235,Success,Renault,Clear,Icy,Night,Low
111.792217,130.8046324,214.4186473,Failure,Peugeot,Clear,Wet,Night,Low
137.3106515,98.53116602,489.3050708,Failure,Ford,Fog,Wet,Night,High
110.1810652,91.16163761,426.9787072,Failure,Peugeot,Rain,Dry,Night,Low
83.24665517,57.66100893,461.6015823,Success,Audi,Rain,Icy,Night,Medium
86.64796203,79.29406521,281.5266148,Risk,Mercedes,Fog,Wet,Day,High
117.4238211,84.82407928,179.2411753,Close Call,Honda,Snow,Wet,Night,High
184.2343443,102.5556726,311.8820615,Failure,Peugeot,Clear,Dry,Day,Medium
113.589595,97.62262194,277.6010373,Risk,Audi,Fog,Dry,Day,High
52.81163879,100.6597839,747.5813925,Failure,Volkswagen,Fog,Dry,Night,High
176.4173583,61.52175968,731.1263193,Success,Audi,Snow,Icy,Night,Medium
87.83592545,108.243034,605.2588441,Failure,Toyota,Snow,Dry,Day,High
50.57555274,52.39138495,136.7671083,Close Call,Nissan,Clear,Icy,Day,High
55.1200066,69.28170877,587.9487616,Success,Volkswagen,Fog,Icy,Night,Medium
68.95884458,88.6154227,125.2751746,Failure,Mercedes,Rain,Icy,Night,Low
133.781897,77.00216817,67.26436831,Risk,BMW,Fog,Wet,Night,Medium
96.51805154,59.87926284,384.9663094,Success,Renault,Clear,Dry,Night,High
173.4220058,63.56900349,278.5176731,Failure,Honda,Clear,Icy,Day,High
156.058299,49.03491354,614.9152974,Success,BMW,Clear,Wet,Day,Medium
89.91715754,90.63949278,932.2103637,Failure,Honda,Snow,Icy,Day,Medium
183.0562123,105.2113769,733.8594264,Failure,Toyota,Fog,Dry,Day,Medium
138.3098318,77.99212993,778.9928189,Failure,Ford,Snow,Dry,Night,Medium
47.44142632,71.9930237,953.3484549,Success,Nissan,Clear,Icy,Night,Medium
109.8323549,50.55354143,652.3865269,Success,Nissan,Rain,Dry,Day,High
172.4453425,98.26403849,598.8443943,Failure,Toyota,Clear,Wet,Night,Medium
86.43444866,124.2260867,621.7745772,Failure,Renault,Rain,Wet,Day,Low
174.7612946,44.05088391,872.5149937,Success,BMW,Fog,Dry,Night,Medium
131.1508416,58.73134124,418.6940834,Success,Ford,Clear,Icy,Day,Low
126.6261098,66.40813915,805.5694141,Success,Mercedes,Clear,Icy,Night,High
96.21579446,68.71364181,669.6440882,Success,Renault,Rain,Icy,Day,Medium
178.9693055,84.546919,339.3429732,Failure,Peugeot,Fog,Wet,Night,Medium
105.2862638,112.2849909,63.00399043,Failure,Mercedes,Rain,Dry,Night,Low
133.8140736,100.1719457,249.4239906,Close Call,Volkswagen,Fog,Wet,Night,Medium
134.1919517,90.55194766,714.9893264,Failure,BMW,Rain,Dry,Day,Low
135.075074,65.52142592,600.7057943,Success,BMW,Rain,Dry,Night,Low
87.84598895,57.60743533,310.8649648,Success,Peugeot,Snow,Wet,Day,Medium
166.0638074,64.06449387,462.5873478,Success,Honda,Clear,Wet,Day,Medium
128.1044957,110.961336,678.0913273,Failure,BMW,Rain,Dry,Day,Low
99.38238147,78.76513397,170.7318335,Close Call,Ford,Fog,Icy,Day,Medium
90.11841034,71.06327493,460.6656018,Failure,Ford,Rain,Dry,Night,Low
60.91586374,76.3248854,445.7930042,Success,Mercedes,Fog,Wet,Night,High
130.4339489,96.49236439,565.4709691,Success,Peugeot,Rain,Dry,Night,Low
154.565042,53.74300651,545.8179962,Success,Honda,Snow,Dry,Night,High
104.1452112,108.2974827,399.3403508,Failure,Volkswagen,Snow,Dry,Night,Low
173.1925189,83.12952514,774.5969474,Failure,Peugeot,Snow,Wet,Night,High
62.57499104,75.67312043,113.867588,Close Call,BMW,Clear,Icy,Day,Low
113.3045012,88.85692227,83.76154891,Close Call,Peugeot,Rain,Icy,Day,High
134.939613,84.36794146,449.2463726,Failure,Volkswagen,Fog,Icy,Day,Low
124.7445756,73.11607087,901.8595377,Failure,Renault,Snow,Wet,Day,High
169.5292034,74.94578656,313.690883,Success,Nissan,Fog,Wet,Day,Medium
140.7646838,62.62274906,213.6938585,Close Call,Peugeot,Clear,Icy,Night,High
160.5046383,93.12781502,931.7979746,Failure,Renault,Fog,Dry,Night,High
137.6976275,69.36012381,209.8120919,Failure,Ford,Snow,Dry,Day,High
93.1940861,60.87483155,406.0985099,Success,BMW,Snow,Wet,Night,Low
83.16173151,83.31727045,742.5647348,Failure,BMW,Clear,Wet,Night,Medium
93.99458801,106.5828257,297.8778081,Risk,BMW,Rain,Dry,Day,Medium
102.1449402,79.03310752,268.3570514,Failure,Volkswagen,Fog,Wet,Night,Low
160.7530463,67.83797486,427.7838722,Failure,Peugeot,Clear,Wet,Night,High
144.5310471,88.07792042,797.9965739,Failure,Nissan,Rain,Dry,Night,Low
160.757931,118.7342492,915.4341855,Failure,Honda,Rain,Icy,Day,High
174.5190955,50.96188941,79.72790151,Failure,BMW,Clear,Dry,Day,Medium
159.0716022,87.64405576,206.852721,Close Call,Peugeot,Clear,Icy,Night,Medium
179.7188605,84.1017325,960.6712247,Failure,BMW,Rain,Icy,Day,Low
177.9806015,103.2306761,613.151727,Success,Nissan,Rain,Icy,Day,Low
89.9346498,99.81818347,573.8397557,Failure,Audi,Clear,Dry,Day,Low
99.9229883,76.26581776,822.8664953,Failure,Peugeot,Clear,Wet,Night,Low
125.5288112,46.30965489,87.79413313,Failure,Peugeot,Rain,Dry,Day,High
141.6764675,96.13127536,63.14443861,Close Call,Audi,Snow,Dry,Day,Low
110.0587939,63.2961462,969.1193472,Success,Ford,Rain,Wet,Night,High
155.287664,61.06519178,837.1421513,Success,Nissan,Fog,Dry,Day,Low
133.4809538,102.9670116,760.0126925,Failure,Renault,Fog,Wet,Night,High
128.4218391,61.78299245,197.9157316,Close Call,Volkswagen,Clear,Wet,Day,High
65.35531666,108.0568948,502.7737269,Failure,Ford,Snow,Icy,Night,Low
68.9840203,86.71689443,940.4288616,Failure,Honda,Clear,Wet,Day,Low
88.86021207,86.382368,936.9196158,Failure,Peugeot,Snow,Icy,Night,Medium
179.7465006,86.14529561,58.78475163,Failure,Toyota,Rain,Icy,Night,Low
55.66944872,47.23152749,764.8668386,Success,Nissan,Snow,Wet,Day,Low
179.4351733,44.47222767,55.92587812,Failure,Renault,Rain,Wet,Day,High
111.7950124,84.31106108,985.0866413,Failure,Mercedes,Clear,Wet,Day,High
106.0345754,91.36014718,446.1188419,Failure,Toyota,Clear,Wet,Day,Low
163.5631809,81.65222064,974.8428201,Failure,Ford,Clear,Wet,Day,High
161.4066607,63.56930966,399.3594686,Success,Mercedes,Clear,Dry,Day,Medium
63.75776124,80.37844208,328.527926,Failure,Ford,Rain,Wet,Day,High
158.644216,78.35931694,350.4773656,Success,Peugeot,Snow,Icy,Night,High
116.4984708,60.85683803,744.1451133,Success,Audi,Fog,Dry,Day,Medium
90.23779328,100.2794431,239.6891922,Failure,Peugeot,Fog,Wet,Day,Medium
60.17309208,45.39447877,870.8548072,Failure,Mercedes,Clear,Wet,Day,Medium
127.9118834,91.77484814,611.0440589,Failure,Ford,Clear,Icy,Day,Low
154.2464108,87.6864681,971.4154747,Failure,Renault,Fog,Icy,Night,High
168.9944322,100.1942371,987.7306583,Failure,Honda,Rain,Dry,Night,Medium
181.0266744,59.89376255,225.9229012,Close Call,Mercedes,Rain,Dry,Night,Low
62.24639296,82.02814293,957.9929509,Success,Mercedes,Snow,Wet,Night,Medium
100.5497601,123.423299,94.21156206,Risk,Ford,Snow,Dry,Day,Medium
51.81470435,93.24148578,76.47053792,Close Call,Honda,Clear,Dry,Day,Medium
134.0041577,82.01162417,946.6713485,Failure,Toyota,Clear,Wet,Night,Medium
169.2737454,90.78322548,964.2769006,Success,Volkswagen,Fog,Dry,Night,Low
141.2168296,81.72353685,189.885289,Risk,Toyota,Snow,Icy,Day,Low
99.41927904,123.8179603,470.2950246,Failure,BMW,Clear,Wet,Night,Medium
151.3893398,99.67272392,519.3879016,Failure,BMW,Fog,Wet,Night,Medium
184.5258121,78.28770092,867.2671747,Failure,Peugeot,Rain,Wet,Night,Medium
45.15708551,85.04662863,646.521381,Success,Renault,Snow,Dry,Day,High
160.9278134,72.18404008,785.838103,Failure,Audi,Clear,Wet,Day,Medium
90.67802636,104.1970025,510.8420032,Failure,Ford,Snow,Icy,Night,Medium
149.5893059,51.87790457,665.9930171,Success,Renault,Snow,Dry,Night,High
78.18572043,47.9052294,748.638892,Success,Peugeot,Fog,Icy,Night,High
73.25485665,109.174295,750.9872197,Failure,Audi,Clear,Dry,Day,Medium
158.3437391,123.0623959,51.65093545,Failure,Nissan,Snow,Icy,Night,High
152.4343436,89.36609815,144.91267,Failure,Toyota,Snow,Wet,Night,High
158.5708687,82.25475882,395.477419,Failure,Nissan,Clear,Wet,Night,High
151.0276191,93.14535381,108.1375747,Close Call,Audi,Snow,Dry,Night,Low
58.42068642,67.05892947,413.8402172,Success,Mercedes,Fog,Wet,Day,High
168.6029782,83.4248709,420.088506,Failure,BMW,Snow,Dry,Day,Low
97.86645686,80.77817412,924.2218604,Success,Renault,Clear,Wet,Day,Low
75.75303183,92.53128501,588.7182621,Success,BMW,Fog,Dry,Night,Low
124.4593746,48.84002944,721.0337165,Success,Peugeot,Snow,Dry,Night,Low
93.42106589,69.8593046,892.838748,Failure,Ford,Clear,Icy,Day,Low
144.3817684,96.89991206,470.0228546,Failure,Honda,Clear,Wet,Day,High
142.2466057,66.48812345,51.86403737,Failure,Toyota,Clear,Icy,Night,High
164.0150435,60.13277249,321.0692234,Success,Honda,Snow,Wet,Night,High
184.0981981,120.841443,823.450765,Success,Ford,Fog,Wet,Night,High
156.9389502,80.76236,906.7491113,Success,Audi,Snow,Wet,Day,High
64.8168561,68.4216372,383.9341021,Success,Honda,Clear,Icy,Night,High
151.7699913,46.15259125,329.2916903,Success,Audi,Rain,Icy,Night,Low
124.3659354,94.58692693,928.2799505,Failure,BMW,Fog,Icy,Day,High
123.8453737,93.98272307,383.5200492,Failure,Ford,Rain,Wet,Day,High
92.21439039,74.02480799,669.6329287,Success,Renault,Rain,Dry,Day,Medium
67.50261732,57.95539618,316.2937733,Success,Audi,Fog,Wet,Night,Low
69.22727177,79.50901153,143.0228589,Close Call,Mercedes,Fog,Wet,Night,Medium
53.06393088,63.28287865,526.1744962,Success,Renault,Snow,Dry,Day,Medium
157.7489755,61.15812822,927.0702453,Success,Peugeot,Rain,Wet,Night,Low
149.1527799,77.93574497,637.7087162,Failure,Mercedes,Snow,Icy,Night,Low
164.9420051,58.97219203,248.3852935,Risk,Nissan,Snow,Icy,Day,Low
143.5800382,84.93297911,698.3080947,Success,Nissan,Snow,Icy,Night,Low
68.49004043,92.15985019,779.9430869,Failure,Mercedes,Fog,Icy,Night,Medium
148.0342628,63.20735106,354.7225338,Success,Volkswagen,Rain,Dry,Night,Medium
123.0992704,52.63509809,581.2489314,Success,Audi,Clear,Icy,Day,Low
60.21421346,111.225592,697.8554749,Failure,Nissan,Fog,Wet,Day,Medium
171.7171289,61.19459528,202.3354881,Risk,Nissan,Fog,Wet,Night,High
171.3243944,66.8011459,965.8958928,Failure,Renault,Rain,Icy,Day,Low
132.9009887,84.26034335,478.6893634,Failure,Honda,Rain,Dry,Night,High
103.7497708,91.98738745,980.6811709,Failure,Renault,Rain,Wet,Day,High
78.30937445,74.87366213,230.0951726,Failure,Nissan,Rain,Dry,Night,High
58.6640736,89.21588655,509.584869,Success,Renault,Rain,Dry,Night,High
157.8399298,71.98027684,207.560971,Risk,BMW,Clear,Icy,Night,High
180.3454309,60.5765867,59.67178126,Close Call,Ford,Snow,Icy,Day,Low
46.9656885,108.5263372,275.9814139,Failure,BMW,Snow,Wet,Day,High
112.1105802,129.7688323,433.0279702,Failure,Renault,Fog,Dry,Day,Low
59.84501026,113.9193907,459.5742008,Failure,Peugeot,Snow,Dry,Day,Medium
103.5954659,82.83613278,892.1798973,Success,Renault,Snow,Icy,Night,Medium
126.2857912,116.6687072,653.8934007,Failure,Peugeot,Snow,Dry,Night,High
105.0740924,87.11407031,462.7195725,Success,BMW,Clear,Wet,Night,Medium
47.41128763,70.45427459,988.5978146,Failure,Nissan,Clear,Icy,Day,Low
183.2982675,89.32759149,633.513115,Failure,Audi,Snow,Dry,Day,Low
174.6125965,78.11214987,356.5298167,Failure,BMW,Rain,Dry,Night,High
153.1322351,60.33763633,706.7453372,Failure,Peugeot,Snow,Icy,Day,Medium
101.0953258,62.03356057,520.9149265,Failure,Ford,Rain,Icy,Day,High
141.5286254,96.04103477,887.1093094,Success,Volkswagen,Fog,Icy,Day,Medium
144.3675727,43.06936037,901.685699,Success,Honda,Rain,Dry,Night,High
92.63564977,92.08273481,398.9828801,Failure,Audi,Clear,Icy,Day,Medium
50.55611195,47.40832795,584.2220983,Success,Toyota,Fog,Wet,Night,Low
132.1240324,37.5764711,302.4847718,Success,Honda,Clear,Dry,Night,High
177.7317243,43.22306792,645.3049142,Success,Ford,Clear,Dry,Day,High
149.6902206,119.3352794,992.7296142,Failure,Honda,Clear,Icy,Day,Medium
76.91823441,76.0753207,840.9590919,Success,Renault,Snow,Dry,Night,High
122.8134422,81.7316636,398.0894053,Success,Audi,Clear,Wet,Night,Medium
99.63006236,108.3851009,140.6113344,Failure,Nissan,Clear,Wet,Day,High
121.5100742,98.68359497,968.347888,Failure,BMW,Clear,Dry,Night,High
146.3683287,52.16989461,420.1055397,Success,Peugeot,Snow,Icy,Day,High
113.1404016,97.38012686,328.7118486,Failure,Toyota,Snow,Icy,Day,Medium
172.7242766,83.68362529,350.5186233,Success,Peugeot,Clear,Wet,Night,Low
141.8960563,73.16643805,515.4271983,Success,Toyota,Clear,Dry,Day,Medium
94.3246378,80.48581828,958.9138288,Failure,Toyota,Fog,Dry,Night,Low
130.7267356,105.5962404,987.2912053,Failure,Ford,Clear,Wet,Night,High
108.7527411,62.28067036,331.320391,Failure,Nissan,Rain,Wet,Night,Medium
155.8843175,88.01771358,383.8952724,Failure,Peugeot,Snow,Wet,Night,Medium
46.04294087,79.80685527,536.2162321,Success,Toyota,Fog,Dry,Day,Medium
126.9791716,44.05670769,57.7779242,Failure,Ford,Rain,Wet,Night,Low
48.28879616,63.95493657,216.0947351,Risk,Nissan,Clear,Wet,Night,Low
182.1068154,83.86427106,939.2560695,Success,Peugeot,Fog,Icy,Night,High
116.0545558,105.9468418,77.96347521,Failure,Honda,Fog,Wet,Day,High
84.03193086,100.0266203,145.9274657,Failure,Ford,Snow,Dry,Night,Medium
60.49793198,91.94425009,449.6146662,Failure,Ford,Rain,Dry,Night,Low
92.83732979,63.69448678,744.8777367,Success,Renault,Fog,Dry,Night,Medium
133.7710911,116.0242798,305.4343189,Failure,Audi,Snow,Wet,Day,High
181.204365,84.30480935,340.667311,Failure,Toyota,Rain,Dry,Night,Medium
58.21604739,59.87268957,340.1993311,Success,Audi,Snow,Dry,Day,Medium
74.43317982,76.34190038,878.9718304,Failure,BMW,Snow,Wet,Day,Low
83.77206687,97.92496851,264.7927259,Risk,Mercedes,Fog,Wet,Night,Low
152.2405776,80.15234997,584.2817347,Failure,Audi,Snow,Icy,Day,Low
56.05627743,97.73729373,999.9345897,Failure,Honda,Fog,Icy,Night,Low
170.2156278,102.0738791,742.0422201,Failure,Renault,Clear,Dry,Night,Medium
75.65817958,88.01061369,369.5331225,Failure,Renault,Clear,Dry,Day,High
145.5238635,62.84594754,777.1860218,Failure,Ford,Clear,Wet,Night,Medium
151.477247,82.70909326,956.219922,Failure,Audi,Clear,Dry,Day,High
170.0317193,80.90331712,404.8609168,Success,BMW,Rain,Icy,Day,Low
74.05544866,117.1869267,722.6106781,Failure,BMW,Fog,Wet,Day,Low
146.2574749,47.47356124,122.01405,Failure,BMW,Fog,Icy,Day,Low
94.4306365,77.30355098,900.5319949,Failure,Renault,Clear,Dry,Day,High
99.36019358,68.31812906,141.4438884,Failure,Honda,Snow,Icy,Night,Medium
116.163688,86.7021124,404.2788414,Failure,Honda,Fog,Dry,Day,Medium
63.36432172,31.24871282,565.3805507,Success,BMW,Clear,Dry,Night,Low
95.22143401,102.2984912,300.3987603,Failure,Mercedes,Snow,Icy,Night,Low
176.6685091,80.27496975,666.8058597,Failure,Mercedes,Clear,Wet,Night,Medium
70.28802195,43.10597673,576.707291,Success,Honda,Fog,Wet,Night,High
89.12295328,72.77773731,731.3259783,Failure,Audi,Clear,Wet,Night,High
158.0189678,92.17924683,386.4323969,Failure,Audi,Snow,Wet,Night,High
79.99701696,48.17104249,568.7131952,Success,BMW,Rain,Wet,Night,High
68.07065921,80.06444433,821.5761302,Success,Audi,Clear,Icy,Day,Medium
71.67202868,58.85052704,820.1615287,Success,Mercedes,Clear,Wet,Night,Low
182.9946981,68.88029936,728.5279761,Failure,Toyota,Rain,Wet,Night,High
102.8630654,80.53476765,564.8390951,Success,Audi,Snow,Icy,Day,Low
100.4354261,83.66900507,689.5980457,Failure,Ford,Clear,Icy,Day,Low
150.9825223,70.58515004,132.5362756,Close Call,BMW,Clear,Wet,Night,Low
53.78355474,85.45592779,497.7513407,Failure,BMW,Snow,Dry,Night,High
68.73529894,96.35955215,867.1363253,Success,BMW,Clear,Wet,Day,Medium
145.7832142,74.4217145,626.9965806,Success,Nissan,Snow,Wet,Day,Medium
89.75117737,108.6313551,944.5989505,Failure,Peugeot,Rain,Icy,Day,High
143.2349635,109.2442834,299.0695952,Failure,Volkswagen,Snow,Icy,Night,Low
48.20044816,71.42595869,141.486712,Failure,Toyota,Clear,Dry,Day,Low
127.6503466,67.24318887,645.2827638,Success,Volkswagen,Snow,Dry,Day,Medium
121.1944048,46.7165403,136.3796333,Failure,Mercedes,Clear,Icy,Day,High
65.27989255,77.46861337,793.0285953,Success,Ford,Fog,Dry,Day,Low
61.62302078,72.7312444,293.9052877,Failure,Nissan,Rain,Dry,Night,Low
174.9415878,95.5810244,561.8142655,Failure,Mercedes,Rain,Wet,Day,Medium
115.7023714,49.80676788,820.8081883,Success,Renault,Snow,Icy,Day,High
51.9860741,74.45217217,798.6336003,Success,Audi,Rain,Dry,Night,Low
65.79809751,99.37488786,521.1762757,Success,BMW,Clear,Wet,Night,High
139.1573949,65.39285809,977.0540926,Success,Honda,Rain,Wet,Night,Medium
111.747022,64.75276927,522.7514992,Success,Audi,Rain,Icy,Day,Medium
128.6727901,51.0611933,314.8518459,Success,Honda,Clear,Icy,Day,High
109.1585118,132.4114769,337.3096823,Failure,BMW,Fog,Icy,Night,High
174.5720962,65.05053644,756.4605877,Success,Peugeot,Snow,Dry,Night,Medium
160.5348219,53.99306336,465.2516869,Success,BMW,Rain,Dry,Night,Medium
182.2202299,63.92299192,447.8490605,Success,Ford,Rain,Icy,Night,Medium
176.4926118,64.51409839,69.46226551,Risk,Volkswagen,Rain,Wet,Night,Medium
147.0177058,74.61220443,340.0142524,Success,BMW,Rain,Wet,Night,Medium
52.35425894,96.50744464,867.3639258,Failure,Peugeot,Clear,Icy,Day,Low
184.8742487,74.03353662,813.3292733,Failure,Toyota,Rain,Dry,Night,Low
111.2646174,61.5435337,759.185317,Success,Renault,Clear,Icy,Day,Low
53.53958499,50.97323004,71.97196734,Failure,Toyota,Snow,Icy,Day,High
183.7992635,80.43714716,75.64077686,Close Call,Peugeot,Clear,Dry,Day,Medium
124.8527405,80.85078148,345.8917114,Success,Peugeot,Snow,Wet,Night,High
109.2605632,110.618647,500.7306086,Failure,BMW,Fog,Wet,Day,Low
47.77052032,81.84895471,914.2542046,Failure,Toyota,Rain,Wet,Day,High
104.9761637,78.01983377,415.3983252,Success,Ford,Rain,Icy,Night,High
70.65790461,58.98692327,324.0987527,Success,Toyota,Rain,Icy,Night,Medium
145.6528589,73.8809485,592.5953199,Success,Ford,Fog,Wet,Day,Medium
46.10136635,71.23051084,918.9595846,Success,Mercedes,Rain,Icy,Night,Low
119.6249953,72.59671671,751.7067759,Success,Honda,Snow,Wet,Night,Medium
51.12027057,60.81489215,863.8329679,Success,Toyota,Clear,Wet,Day,High
145.0761994,90.76659207,223.0877627,Failure,Ford,Rain,Icy,Night,Low
178.422729,77.15109165,169.381223,Close Call,Toyota,Fog,Wet,Night,High
51.06487675,75.9929304,566.867577,Success,Audi,Rain,Dry,Day,Medium
59.43178256,45.71907768,712.5022844,Success,Volkswagen,Fog,Wet,Day,Medium
117.1830163,89.87288175,957.2386458,Failure,Peugeot,Rain,Dry,Day,High
182.5446946,89.74030652,402.957688,Failure,Toyota,Fog,Dry,Night,Medium
102.6039423,63.21741194,379.2290096,Success,Mercedes,Rain,Wet,Night,Low
131.1802136,99.80242768,540.061583,Success,Renault,Rain,Wet,Night,Medium
151.6314662,52.7048354,700.6910399,Success,Nissan,Snow,Icy,Day,Low
174.9088125,79.56260182,587.7225883,Failure,Ford,Fog,Dry,Night,High
69.78233115,74.5758532,736.8791587,Success,Ford,Snow,Icy,Day,Low
172.5996421,53.65650422,411.2991903,Success,Volkswagen,Rain,Wet,Night,Low
132.6993946,83.79405224,869.0877487,Failure,Toyota,Fog,Dry,Day,Low
157.7849683,114.051403,223.8268139,Failure,Mercedes,Snow,Wet,Night,Low
86.37773114,81.3526846,350.1094107,Failure,Mercedes,Rain,Icy,Day,Medium
115.0141343,70.73956492,784.9937806,Failure,Volkswagen,Snow,Icy,Night,Medium
74.25428662,88.94048314,368.8886413,Failure,BMW,Clear,Icy,Day,Low
164.6445787,82.11439991,684.7468723,Failure,Volkswagen,Fog,Wet,Day,Low
73.64107295,80.55524263,323.4077288,Failure,Volkswagen,Fog,Wet,Day,High
121.765749,71.48915574,227.7491253,Close Call,Mercedes,Rain,Icy,Night,Medium
103.5078499,108.4395112,335.6959358,Failure,Volkswagen,Snow,Dry,Night,Medium
51.94253185,89.12726727,892.6436322,Failure,Audi,Snow,Dry,Night,Medium
102.7006709,69.42658682,487.8389723,Failure,Toyota,Snow,Wet,Day,High
154.8156387,77.83992326,264.1443961,Risk,Mercedes,Clear,Icy,Night,Medium
119.0505529,65.18266592,355.3666597,Success,BMW,Fog,Dry,Night,High
87.67156469,67.834177,52.63240879,Risk,Volkswagen,Clear,Wet,Day,Low
107.3578642,67.18548552,768.0178734,Success,Mercedes,Snow,Dry,Day,Low
153.397184,57.31376813,264.3935798,Failure,Peugeot,Fog,Dry,Day,High
138.5415264,95.54553928,618.0249883,Failure,Renault,Rain,Wet,Night,Low
60.52645377,74.17917073,73.85406127,Risk,Mercedes,Clear,Dry,Night,Medium
119.3745209,91.08255157,842.7735104,Failure,BMW,Snow,Wet,Day,Low
72.81733346,66.59748205,228.072516,Risk,Nissan,Clear,Dry,Day,Low
181.9770233,78.79275011,54.52995888,Failure,BMW,Snow,Dry,Night,Medium
148.4075522,65.77918806,336.1284179,Success,Ford,Snow,Wet,Day,Low
56.3401113,94.39336341,924.4627629,Success,BMW,Snow,Icy,Night,High
79.75209629,75.03161387,299.4835071,Risk,Peugeot,Fog,Icy,Day,Medium
55.93759459,65.38252828,528.3048962,Success,Volkswagen,Clear,Icy,Day,Low
96.81349007,47.16593542,436.8683521,Success,Ford,Snow,Wet,Day,Medium
160.1758376,85.51333099,329.5367954,Success,Honda,Snow,Wet,Day,Medium
54.34577677,65.83229895,930.9858997,Failure,Audi,Rain,Dry,Night,High
68.15000791,79.68441566,799.5451627,Failure,Renault,Clear,Dry,Day,High
82.44233412,70.16539784,773.8176496,Failure,BMW,Clear,Icy,Day,Low
132.3712422,99.08379162,549.8017683,Failure,Nissan,Rain,Wet,Night,Medium
181.4556827,90.88289505,833.61859,Failure,Mercedes,Snow,Dry,Night,Low
160.1824892,88.94424175,485.5072253,Success,BMW,Clear,Icy,Day,Medium
73.12971237,67.67757753,491.9300729,Failure,Mercedes,Clear,Wet,Day,High
144.4087929,89.32580087,519.0853602,Failure,Renault,Rain,Wet,Day,Low
122.8942853,114.2966322,275.064714,Failure,Mercedes,Rain,Icy,Night,Low
113.8279011,63.35627932,927.4692664,Success,Volkswagen,Clear,Dry,Night,Medium
172.174013,83.44678278,295.8131411,Failure,Nissan,Rain,Icy,Night,High
127.3381658,47.01566051,238.2515249,Failure,Mercedes,Clear,Dry,Day,High
64.20935447,107.9712418,281.5642037,Failure,BMW,Snow,Dry,Night,High
68.09549068,72.04175803,826.4845107,Success,Mercedes,Snow,Wet,Day,High
174.0762779,95.65157762,780.1183558,Failure,Peugeot,Fog,Wet,Night,High
56.22872741,45.53543499,455.751468,Success,Mercedes,Fog,Wet,Night,Medium
64.30797546,115.9507877,63.09280939,Failure,Honda,Snow,Wet,Day,Medium
136.4359157,72.86256944,976.9482816,Success,Audi,Clear,Icy,Night,High
76.4072376,90.91314647,175.9044286,Risk,Nissan,Clear,Wet,Day,Low
160.6538745,83.01636413,858.8515428,Failure,Toyota,Clear,Wet,Night,High
103.2409069,74.89058428,792.6369323,Success,Nissan,Rain,Dry,Night,Medium
112.5359738,113.7158461,941.1719926,Failure,Volkswagen,Clear,Wet,Day,Low
63.00934207,47.03907587,784.7286121,Success,Volkswagen,Snow,Wet,Night,Medium
48.94290537,85.9742732,364.8030113,Success,BMW,Rain,Icy,Night,High
151.2930725,98.21291344,270.3183412,Failure,Mercedes,Snow,Wet,Day,Medium
55.35855853,79.40287757,408.8062794,Failure,Renault,Rain,Wet,Day,High
134.6222629,77.63658431,242.932812,Risk,Volkswagen,Clear,Icy,Night,High
120.2544032,77.14624576,733.5960104,Success,Toyota,Fog,Wet,Day,Medium
117.5886765,55.44727159,835.1927009,Success,Nissan,Snow,Wet,Night,Medium
86.9559031,80.76254768,664.1169478,Failure,Ford,Clear,Icy,Day,High
150.844009,90.25435047,226.7880947,Failure,Honda,Fog,Icy,Night,High
101.0858972,81.37198455,85.51547548,Risk,Honda,Rain,Wet,Night,High
66.17564005,74.55447798,601.3812035,Failure,BMW,Fog,Wet,Night,Medium
52.84603965,70.20549955,489.5394498,Success,Ford,Clear,Icy,Night,High
92.95671941,74.41406661,239.7187318,Failure,Renault,Fog,Icy,Day,Low
130.1276971,105.1548843,399.6797071,Failure,Honda,Fog,Icy,Night,Low
75.84509305,38.26730041,564.3929428,Success,Toyota,Clear,Dry,Night,Medium
148.9086711,80.80142913,651.2712567,Success,Nissan,Fog,Wet,Day,High
60.22161386,73.44490165,502.8115887,Failure,Honda,Clear,Icy,Night,Medium
111.075066,109.116159,972.8231806,Failure,Honda,Snow,Dry,Night,Low
120.1385955,81.10984451,93.91508045,Risk,Nissan,Clear,Wet,Night,Low
159.9416935,109.698512,675.2975174,Failure,BMW,Fog,Wet,Day,Low
61.51267561,37.52219964,914.0800067,Success,Nissan,Fog,Icy,Day,Medium
45.23449917,89.1916981,274.7360006,Risk,Nissan,Fog,Dry,Day,Medium
119.7193596,85.6011572,253.0218287,Risk,Mercedes,Fog,Icy,Night,Medium
66.10151011,107.8106793,774.1211671,Failure,Renault,Fog,Dry,Day,Medium
125.0370713,47.17302782,512.0551044,Success,Peugeot,Snow,Dry,Night,High
49.60639281,76.89928384,992.5686314,Success,Nissan,Clear,Icy,Night,High
113.6945027,81.32120524,609.6674395,Success,Renault,Snow,Wet,Night,Low
99.70360082,70.08409011,927.2698368,Success,Nissan,Fog,Wet,Day,Low
66.87463354,104.3315543,61.59999368,Failure,BMW,Clear,Wet,Day,High
110.4986138,73.22635629,196.8126395,Close Call,Honda,Snow,Dry,Day,Low
111.8037172,120.6952509,700.1980925,Failure,Peugeot,Fog,Wet,Night,High
54.50340081,101.0835582,445.6430514,Failure,Ford,Fog,Dry,Day,Medium
139.767091,99.01667394,844.166341,Success,Audi,Fog,Wet,Day,High
172.9179962,91.18597963,457.4531879,Success,Mercedes,Fog,Icy,Day,Medium
130.8819827,58.72608818,727.3468615,Success,Peugeot,Rain,Icy,Night,Low
132.8067812,71.37807325,587.8520162,Success,Honda,Rain,Dry,Day,High
149.7764277,91.45502734,163.908389,Failure,Renault,Fog,Dry,Night,Medium
176.0498852,93.55114067,732.0536464,Failure,Renault,Rain,Wet,Night,Low
182.5467814,106.1436769,721.0532113,Failure,Renault,Rain,Wet,Night,Medium
113.9758825,70.65117981,159.9322437,Risk,Honda,Clear,Dry,Night,Low
177.3010968,62.7969323,583.8158849,Success,Audi,Rain,Wet,Day,High
95.29396969,97.18208386,368.8675167,Failure,Audi,Clear,Dry,Day,Medium
146.8702723,63.80746848,485.9072929,Success,Nissan,Fog,Wet,Day,Low
176.1513959,97.46623672,451.6207584,Failure,Ford,Snow,Wet,Day,Low
47.27258883,103.9947235,149.535684,Close Call,Volkswagen,Fog,Dry,Day,Low
173.8760539,89.12306072,200.121837,Close Call,Nissan,Fog,Icy,Day,High
168.9070158,72.84841936,132.4681853,Failure,Audi,Rain,Icy,Night,High
73.76801237,80.82164452,232.8246629,Close Call,Mercedes,Fog,Wet,Day,Low
102.359904,91.86931839,859.8221672,Failure,Ford,Clear,Dry,Day,High
62.20875006,80.20371037,73.2965168,Close Call,Mercedes,Rain,Wet,Night,Medium
149.606153,123.9659268,460.0363878,Failure,Ford,Rain,Wet,Night,Low
153.8378984,60.18658139,810.8895693,Success,Toyota,Clear,Icy,Day,Low
168.3318689,59.94662825,145.2452943,Risk,Renault,Rain,Icy,Night,High
106.8032745,60.46209227,266.3279107,Risk,BMW,Snow,Wet,Day,Medium
133.2086086,68.20840155,741.0677222,Success,Volkswagen,Rain,Icy,Day,High
163.1106528,36.4213696,665.174811,Success,BMW,Clear,Wet,Night,Low
58.07296441,67.40699146,584.8726449,Success,Mercedes,Fog,Icy,Night,Medium
61.68214346,66.93430596,213.0587758,Failure,Audi,Snow,Wet,Night,Medium
159.4898515,81.5702805,804.8044614,Success,Volkswagen,Rain,Icy,Day,Medium
106.8757263,88.35601166,184.3434063,Close Call,Renault,Clear,Dry,Day,High
157.4017143,55.19567327,178.058,Close Call,Mercedes,Rain,Wet,Day,High
45.02105335,98.00108486,805.2832921,Success,Renault,Clear,Wet,Night,Low
61.10393115,116.0448446,400.7621615,Failure,BMW,Rain,Icy,Night,Medium
96.56805701,75.83429794,346.9862601,Failure,BMW,Fog,Wet,Day,High
100.6720081,111.4874247,314.7384487,Failure,Honda,Snow,Dry,Day,Low
161.7261033,83.97978989,358.723501,Success,Audi,Clear,Icy,Night,Low
116.3695498,119.7746384,373.5582197,Failure,Peugeot,Fog,Dry,Night,Low
173.5150348,102.3456693,711.5493089,Failure,Mercedes,Clear,Icy,Day,Low
104.4576788,48.7219073,278.2490911,Failure,BMW,Rain,Icy,Night,Medium
54.37493937,80.37254741,359.0601308,Failure,Ford,Rain,Icy,Night,Low
109.1146863,101.0864995,787.400933,Success,BMW,Snow,Icy,Day,High
102.5412297,80.61093162,917.4930446,Success,Nissan,Rain,Dry,Day,Medium
121.9240153,79.26232938,632.1941717,Success,Ford,Rain,Wet,Night,Medium
134.5760816,105.395295,149.862318,Failure,Peugeot,Clear,Dry,Day,Medium
53.24662586,65.80291636,564.5054277,Success,Audi,Clear,Wet,Night,Medium
131.4541206,80.35031227,646.3899305,Success,Renault,Rain,Dry,Night,Low
63.51831384,86.47251529,348.3500622,Success,Nissan,Fog,Icy,Day,Low
105.4538457,73.32418079,836.6003543,Success,Renault,Rain,Icy,Night,Medium
169.9262242,79.59741792,792.9748702,Failure,BMW,Snow,Dry,Night,Low
63.73711393,95.50046526,596.5413714,Failure,Renault,Fog,Wet,Night,Medium
74.22633093,88.65675243,187.76481,Failure,Peugeot,Clear,Icy,Night,Medium
104.2226269,63.82564936,712.5123924,Success,Peugeot,Clear,Icy,Night,Low
53.45514197,57.91752028,900.5812306,Success,BMW,Rain,Icy,Night,Low
85.07872595,64.21795639,287.5960543,Failure,Audi,Rain,Icy,Night,High
55.8456779,80.02496912,960.7516009,Failure,BMW,Snow,Dry,Night,Low
111.786107,76.80120424,782.7372772,Failure,BMW,Rain,Icy,Day,High
125.2730215,63.36085014,335.305496,Success,Toyota,Snow,Dry,Day,High
149.8995298,68.03699095,635.9800679,Failure,Ford,Clear,Wet,Night,Medium
174.2535132,49.5992143,342.4555355,Success,Audi,Rain,Wet,Night,Low
106.2669252,88.35707406,144.4944823,Risk,Peugeot,Snow,Dry,Day,High
132.8933932,79.19962549,832.9412361,Success,Nissan,Rain,Dry,Night,Low
53.40956072,54.80425313,682.5166828,Success,Audi,Fog,Dry,Night,High
111.543936,80.57241008,633.3006187,Failure,Renault,Clear,Wet,Day,High
166.8010308,106.8524402,185.0642367,Risk,Toyota,Rain,Dry,Night,High
127.9190162,65.20128294,408.5082575,Success,Ford,Fog,Icy,Night,Low
97.51419782,106.3027533,882.804276,Failure,Volkswagen,Fog,Icy,Night,Medium
57.49447785,73.53085055,205.1392377,Risk,Volkswagen,Snow,Icy,Day,High
114.802023,83.95656336,95.50774265,Close Call,BMW,Rain,Dry,Day,High
173.6184644,81.95501605,231.593903,Close Call,Renault,Snow,Dry,Day,Low
55.34519194,108.0304683,287.6710068,Failure,BMW,Clear,Wet,Night,Low
119.3219987,83.16867694,794.4603976,Failure,Peugeot,Fog,Dry,Day,Medium
104.68526,57.16197162,665.7343976,Failure,Mercedes,Clear,Dry,Night,Medium
151.3249403,53.78059259,66.47560947,Risk,Renault,Fog,Icy,Day,High